image_file,label
ក-1.png,ក
ក-2.png,ក
ក-3.png,ក
ក-4.png,ក
ក-5.png,ក
ក-6.png,ក
ក-7.png,ក
ក-8.png,ក
ក-9.png,ក
ក-10.png,ក
ក-11.png,ក
ក-12.png,ក
ក-13.png,ក
ក-14.png,ក
ក-15.png,ក
ក-16.png,ក
ក-17.png,ក
ក-18.png,ក
ក-19.png,ក
ក-20.png,ក
ក-21.png,ក
ក-22.png,ក
ក-23.png,ក
ក-24.png,ក
ក-25.png,ក
ក-26.png,ក
ក-27.png,ក
ក-28.png,ក
ក-29.png,ក
ក-30.png,ក
ក-31.png,ក
ក-32.png,ក
ក-33.png,ក
ក-34.png,ក
ក-35.png,ក
ក-36.png,ក
ក-37.png,ក
ក-38.png,ក
ក-39.png,ក
ក-40.png,ក
ក-41.png,ក
ក-42.png,ក
ក-43.png,ក
ក-44.png,ក
ក-45.png,ក
ក-46.png,ក
ក-47.png,ក
ក-48.png,ក
ក-49.png,ក
ក-50.png,ក
ក-51.png,ក
ក-52.png,ក
ក-53.png,ក
ក-54.png,ក
ក-55.png,ក
ក-56.png,ក
ក-57.png,ក
ក-58.png,ក
ក-59.png,ក
ក-60.png,ក
ក-61.png,ក
ក-62.png,ក
ក-63.png,ក
ក-64.png,ក
ក-65.png,ក
ក-66.png,ក
ក-67.png,ក
ក-68.png,ក
ក-69.png,ក
ក-70.png,ក
ក-71.png,ក
ក-72.png,ក
ក-73.png,ក
ក-74.png,ក
ក-75.png,ក
ក-76.png,ក
ក-77.png,ក
ក-78.png,ក
ក-79.png,ក
ក-80.png,ក
ក-81.png,ក
ក-82.png,ក
ក-83.png,ក
ក-84.png,ក
ក-85.png,ក
ក-86.png,ក
ក-87.png,ក
ក-88.png,ក
ក-89.png,ក
ក-90.png,ក
ក-91.png,ក
ក-92.png,ក
ក-93.png,ក
ក-94.png,ក
ក-95.png,ក
ក-96.png,ក
ក-97.png,ក
ក-98.png,ក
ក-99.png,ក
ក-100.png,ក
ខ-1.png,ខ
ខ-2.png,ខ
ខ-3.png,ខ
ខ-4.png,ខ
ខ-5.png,ខ
ខ-6.png,ខ
ខ-7.png,ខ
ខ-8.png,ខ
ខ-9.png,ខ
ខ-10.png,ខ
ខ-11.png,ខ
ខ-12.png,ខ
ខ-13.png,ខ
ខ-14.png,ខ
ខ-15.png,ខ
ខ-16.png,ខ
ខ-17.png,ខ
ខ-18.png,ខ
ខ-19.png,ខ
ខ-20.png,ខ
ខ-21.png,ខ
ខ-22.png,ខ
ខ-23.png,ខ
ខ-24.png,ខ
ខ-25.png,ខ
ខ-26.png,ខ
ខ-27.png,ខ
ខ-28.png,ខ
ខ-29.png,ខ
ខ-30.png,ខ
ខ-31.png,ខ
ខ-32.png,ខ
ខ-33.png,ខ
ខ-34.png,ខ
ខ-35.png,ខ
ខ-36.png,ខ
ខ-37.png,ខ
ខ-38.png,ខ
ខ-39.png,ខ
ខ-40.png,ខ
ខ-41.png,ខ
ខ-42.png,ខ
ខ-43.png,ខ
ខ-44.png,ខ
ខ-45.png,ខ
ខ-46.png,ខ
ខ-47.png,ខ
ខ-48.png,ខ
ខ-49.png,ខ
ខ-50.png,ខ
ខ-51.png,ខ
ខ-52.png,ខ
ខ-53.png,ខ
ខ-54.png,ខ
ខ-55.png,ខ
ខ-56.png,ខ
ខ-57.png,ខ
ខ-58.png,ខ
ខ-59.png,ខ
ខ-60.png,ខ
ខ-61.png,ខ
ខ-62.png,ខ
ខ-63.png,ខ
ខ-64.png,ខ
ខ-65.png,ខ
ខ-66.png,ខ
ខ-67.png,ខ
ខ-68.png,ខ
ខ-69.png,ខ
ខ-70.png,ខ
ខ-71.png,ខ
ខ-72.png,ខ
ខ-73.png,ខ
ខ-74.png,ខ
ខ-75.png,ខ
ខ-76.png,ខ
ខ-77.png,ខ
ខ-78.png,ខ
ខ-79.png,ខ
ខ-80.png,ខ
ខ-81.png,ខ
ខ-82.png,ខ
ខ-83.png,ខ
ខ-84.png,ខ
ខ-85.png,ខ
ខ-86.png,ខ
ខ-87.png,ខ
ខ-88.png,ខ
ខ-89.png,ខ
ខ-90.png,ខ
ខ-91.png,ខ
ខ-92.png,ខ
ខ-93.png,ខ
ខ-94.png,ខ
ខ-95.png,ខ
ខ-96.png,ខ
ខ-97.png,ខ
ខ-98.png,ខ
ខ-99.png,ខ
ខ-100.png,ខ
គ-1.png,គ
គ-2.png,គ
គ-3.png,គ
គ-4.png,គ
គ-5.png,គ
គ-6.png,គ
គ-7.png,គ
គ-8.png,គ
គ-9.png,គ
គ-10.png,គ
គ-11.png,គ
គ-12.png,គ
គ-13.png,គ
គ-14.png,គ
គ-15.png,គ
គ-16.png,គ
គ-17.png,គ
គ-18.png,គ
គ-19.png,គ
គ-20.png,គ
គ-21.png,គ
គ-22.png,គ
គ-23.png,គ
គ-24.png,គ
គ-25.png,គ
គ-26.png,គ
គ-27.png,គ
គ-28.png,គ
គ-29.png,គ
គ-30.png,គ
គ-31.png,គ
គ-32.png,គ
គ-33.png,គ
គ-34.png,គ
គ-35.png,គ
គ-36.png,គ
គ-37.png,គ
គ-38.png,គ
គ-39.png,គ
គ-40.png,គ
គ-41.png,គ
គ-42.png,គ
គ-43.png,គ
គ-44.png,គ
គ-45.png,គ
គ-46.png,គ
គ-47.png,គ
គ-48.png,គ
គ-49.png,គ
គ-50.png,គ
គ-51.png,គ
គ-52.png,គ
គ-53.png,គ
គ-54.png,គ
គ-55.png,គ
គ-56.png,គ
គ-57.png,គ
គ-58.png,គ
គ-59.png,គ
គ-60.png,គ
គ-61.png,គ
គ-62.png,គ
គ-63.png,គ
គ-64.png,គ
គ-65.png,គ
គ-66.png,គ
គ-67.png,គ
គ-68.png,គ
គ-69.png,គ
គ-70.png,គ
គ-71.png,គ
គ-72.png,គ
គ-73.png,គ
គ-74.png,គ
គ-75.png,គ
គ-76.png,គ
គ-77.png,គ
គ-78.png,គ
គ-79.png,គ
គ-80.png,គ
គ-81.png,គ
គ-82.png,គ
គ-83.png,គ
គ-84.png,គ
គ-85.png,គ
គ-86.png,គ
គ-87.png,គ
គ-88.png,គ
គ-89.png,គ
គ-90.png,គ
គ-91.png,គ
គ-92.png,គ
គ-93.png,គ
គ-94.png,គ
គ-95.png,គ
គ-96.png,គ
គ-97.png,គ
គ-98.png,គ
គ-99.png,គ
គ-100.png,គ
ឃ-1.png,ឃ
ឃ-2.png,ឃ
ឃ-3.png,ឃ
ឃ-4.png,ឃ
ឃ-5.png,ឃ
ឃ-6.png,ឃ
ឃ-7.png,ឃ
ឃ-8.png,ឃ
ឃ-9.png,ឃ
ឃ-10.png,ឃ
ឃ-11.png,ឃ
ឃ-12.png,ឃ
ឃ-13.png,ឃ
ឃ-14.png,ឃ
ឃ-15.png,ឃ
ឃ-16.png,ឃ
ឃ-17.png,ឃ
ឃ-18.png,ឃ
ឃ-19.png,ឃ
ឃ-20.png,ឃ
ឃ-21.png,ឃ
ឃ-22.png,ឃ
ឃ-23.png,ឃ
ឃ-24.png,ឃ
ឃ-25.png,ឃ
ឃ-26.png,ឃ
ឃ-27.png,ឃ
ឃ-28.png,ឃ
ឃ-29.png,ឃ
ឃ-30.png,ឃ
ឃ-31.png,ឃ
ឃ-32.png,ឃ
ឃ-33.png,ឃ
ឃ-34.png,ឃ
ឃ-35.png,ឃ
ឃ-36.png,ឃ
ឃ-37.png,ឃ
ឃ-38.png,ឃ
ឃ-39.png,ឃ
ឃ-40.png,ឃ
ឃ-41.png,ឃ
ឃ-42.png,ឃ
ឃ-43.png,ឃ
ឃ-44.png,ឃ
ឃ-45.png,ឃ
ឃ-46.png,ឃ
ឃ-47.png,ឃ
ឃ-48.png,ឃ
ឃ-49.png,ឃ
ឃ-50.png,ឃ
ឃ-51.png,ឃ
ឃ-52.png,ឃ
ឃ-53.png,ឃ
ឃ-54.png,ឃ
ឃ-55.png,ឃ
ឃ-56.png,ឃ
ឃ-57.png,ឃ
ឃ-58.png,ឃ
ឃ-59.png,ឃ
ឃ-60.png,ឃ
ឃ-61.png,ឃ
ឃ-62.png,ឃ
ឃ-63.png,ឃ
ឃ-64.png,ឃ
ឃ-65.png,ឃ
ឃ-66.png,ឃ
ឃ-67.png,ឃ
ឃ-68.png,ឃ
ឃ-69.png,ឃ
ឃ-70.png,ឃ
ឃ-71.png,ឃ
ឃ-72.png,ឃ
ឃ-73.png,ឃ
ឃ-74.png,ឃ
ឃ-75.png,ឃ
ឃ-76.png,ឃ
ឃ-77.png,ឃ
ឃ-78.png,ឃ
ឃ-79.png,ឃ
ឃ-80.png,ឃ
ឃ-81.png,ឃ
ឃ-82.png,ឃ
ឃ-83.png,ឃ
ឃ-84.png,ឃ
ឃ-85.png,ឃ
ឃ-86.png,ឃ
ឃ-87.png,ឃ
ឃ-88.png,ឃ
ឃ-89.png,ឃ
ឃ-90.png,ឃ
ឃ-91.png,ឃ
ឃ-92.png,ឃ
ឃ-93.png,ឃ
ឃ-94.png,ឃ
ឃ-95.png,ឃ
ឃ-96.png,ឃ
ឃ-97.png,ឃ
ឃ-98.png,ឃ
ឃ-99.png,ឃ
ឃ-100.png,ឃ
ង-1.png,ង
ង-2.png,ង
ង-3.png,ង
ង-4.png,ង
ង-5.png,ង
ង-6.png,ង
ង-7.png,ង
ង-8.png,ង
ង-9.png,ង
ង-10.png,ង
ង-11.png,ង
ង-12.png,ង
ង-13.png,ង
ង-14.png,ង
ង-15.png,ង
ង-16.png,ង
ង-17.png,ង
ង-18.png,ង
ង-19.png,ង
ង-20.png,ង
ង-21.png,ង
ង-22.png,ង
ង-23.png,ង
ង-24.png,ង
ង-25.png,ង
ង-26.png,ង
ង-27.png,ង
ង-28.png,ង
ង-29.png,ង
ង-30.png,ង
ង-31.png,ង
ង-32.png,ង
ង-33.png,ង
ង-34.png,ង
ង-35.png,ង
ង-36.png,ង
ង-37.png,ង
ង-38.png,ង
ង-39.png,ង
ង-40.png,ង
ង-41.png,ង
ង-42.png,ង
ង-43.png,ង
ង-44.png,ង
ង-45.png,ង
ង-46.png,ង
ង-47.png,ង
ង-48.png,ង
ង-49.png,ង
ង-50.png,ង
ង-51.png,ង
ង-52.png,ង
ង-53.png,ង
ង-54.png,ង
ង-55.png,ង
ង-56.png,ង
ង-57.png,ង
ង-58.png,ង
ង-59.png,ង
ង-60.png,ង
ង-61.png,ង
ង-62.png,ង
ង-63.png,ង
ង-64.png,ង
ង-65.png,ង
ង-66.png,ង
ង-67.png,ង
ង-68.png,ង
ង-69.png,ង
ង-70.png,ង
ង-71.png,ង
ង-72.png,ង
ង-73.png,ង
ង-74.png,ង
ង-75.png,ង
ង-76.png,ង
ង-77.png,ង
ង-78.png,ង
ង-79.png,ង
ង-80.png,ង
ង-81.png,ង
ង-82.png,ង
ង-83.png,ង
ង-84.png,ង
ង-85.png,ង
ង-86.png,ង
ង-87.png,ង
ង-88.png,ង
ង-89.png,ង
ង-90.png,ង
ង-91.png,ង
ង-92.png,ង
ង-93.png,ង
ង-94.png,ង
ង-95.png,ង
ង-96.png,ង
ង-97.png,ង
ង-98.png,ង
ង-99.png,ង
ង-100.png,ង
ច-1.png,ច
ច-2.png,ច
ច-3.png,ច
ច-4.png,ច
ច-5.png,ច
ច-6.png,ច
ច-7.png,ច
ច-8.png,ច
ច-9.png,ច
ច-10.png,ច
ច-11.png,ច
ច-12.png,ច
ច-13.png,ច
ច-14.png,ច
ច-15.png,ច
ច-16.png,ច
ច-17.png,ច
ច-18.png,ច
ច-19.png,ច
ច-20.png,ច
ច-21.png,ច
ច-22.png,ច
ច-23.png,ច
ច-24.png,ច
ច-25.png,ច
ច-26.png,ច
ច-27.png,ច
ច-28.png,ច
ច-29.png,ច
ច-30.png,ច
ច-31.png,ច
ច-32.png,ច
ច-33.png,ច
ច-34.png,ច
ច-35.png,ច
ច-36.png,ច
ច-37.png,ច
ច-38.png,ច
ច-39.png,ច
ច-40.png,ច
ច-41.png,ច
ច-42.png,ច
ច-43.png,ច
ច-44.png,ច
ច-45.png,ច
ច-46.png,ច
ច-47.png,ច
ច-48.png,ច
ច-49.png,ច
ច-50.png,ច
ច-51.png,ច
ច-52.png,ច
ច-53.png,ច
ច-54.png,ច
ច-55.png,ច
ច-56.png,ច
ច-57.png,ច
ច-58.png,ច
ច-59.png,ច
ច-60.png,ច
ច-61.png,ច
ច-62.png,ច
ច-63.png,ច
ច-64.png,ច
ច-65.png,ច
ច-66.png,ច
ច-67.png,ច
ច-68.png,ច
ច-69.png,ច
ច-70.png,ច
ច-71.png,ច
ច-72.png,ច
ច-73.png,ច
ច-74.png,ច
ច-75.png,ច
ច-76.png,ច
ច-77.png,ច
ច-78.png,ច
ច-79.png,ច
ច-80.png,ច
ច-81.png,ច
ច-82.png,ច
ច-83.png,ច
ច-84.png,ច
ច-85.png,ច
ច-86.png,ច
ច-87.png,ច
ច-88.png,ច
ច-89.png,ច
ច-90.png,ច
ច-91.png,ច
ច-92.png,ច
ច-93.png,ច
ច-94.png,ច
ច-95.png,ច
ច-96.png,ច
ច-97.png,ច
ច-98.png,ច
ច-99.png,ច
ច-100.png,ច
ឆ-1.png,ឆ
ឆ-2.png,ឆ
ឆ-3.png,ឆ
ឆ-4.png,ឆ
ឆ-5.png,ឆ
ឆ-6.png,ឆ
ឆ-7.png,ឆ
ឆ-8.png,ឆ
ឆ-9.png,ឆ
ឆ-10.png,ឆ
ឆ-11.png,ឆ
ឆ-12.png,ឆ
ឆ-13.png,ឆ
ឆ-14.png,ឆ
ឆ-15.png,ឆ
ឆ-16.png,ឆ
ឆ-17.png,ឆ
ឆ-18.png,ឆ
ឆ-19.png,ឆ
ឆ-20.png,ឆ
ឆ-21.png,ឆ
ឆ-22.png,ឆ
ឆ-23.png,ឆ
ឆ-24.png,ឆ
ឆ-25.png,ឆ
ឆ-26.png,ឆ
ឆ-27.png,ឆ
ឆ-28.png,ឆ
ឆ-29.png,ឆ
ឆ-30.png,ឆ
ឆ-31.png,ឆ
ឆ-32.png,ឆ
ឆ-33.png,ឆ
ឆ-34.png,ឆ
ឆ-35.png,ឆ
ឆ-36.png,ឆ
ឆ-37.png,ឆ
ឆ-38.png,ឆ
ឆ-39.png,ឆ
ឆ-40.png,ឆ
ឆ-41.png,ឆ
ឆ-42.png,ឆ
ឆ-43.png,ឆ
ឆ-44.png,ឆ
ឆ-45.png,ឆ
ឆ-46.png,ឆ
ឆ-47.png,ឆ
ឆ-48.png,ឆ
ឆ-49.png,ឆ
ឆ-50.png,ឆ
ឆ-51.png,ឆ
ឆ-52.png,ឆ
ឆ-53.png,ឆ
ឆ-54.png,ឆ
ឆ-55.png,ឆ
ឆ-56.png,ឆ
ឆ-57.png,ឆ
ឆ-58.png,ឆ
ឆ-59.png,ឆ
ឆ-60.png,ឆ
ឆ-61.png,ឆ
ឆ-62.png,ឆ
ឆ-63.png,ឆ
ឆ-64.png,ឆ
ឆ-65.png,ឆ
ឆ-66.png,ឆ
ឆ-67.png,ឆ
ឆ-68.png,ឆ
ឆ-69.png,ឆ
ឆ-70.png,ឆ
ឆ-71.png,ឆ
ឆ-72.png,ឆ
ឆ-73.png,ឆ
ឆ-74.png,ឆ
ឆ-75.png,ឆ
ឆ-76.png,ឆ
ឆ-77.png,ឆ
ឆ-78.png,ឆ
ឆ-79.png,ឆ
ឆ-80.png,ឆ
ឆ-81.png,ឆ
ឆ-82.png,ឆ
ឆ-83.png,ឆ
ឆ-84.png,ឆ
ឆ-85.png,ឆ
ឆ-86.png,ឆ
ឆ-87.png,ឆ
ឆ-88.png,ឆ
ឆ-89.png,ឆ
ឆ-90.png,ឆ
ឆ-91.png,ឆ
ឆ-92.png,ឆ
ឆ-93.png,ឆ
ឆ-94.png,ឆ
ឆ-95.png,ឆ
ឆ-96.png,ឆ
ឆ-97.png,ឆ
ឆ-98.png,ឆ
ឆ-99.png,ឆ
ឆ-100.png,ឆ
ជ-1.png,ជ
ជ-2.png,ជ
ជ-3.png,ជ
ជ-4.png,ជ
ជ-5.png,ជ
ជ-6.png,ជ
ជ-7.png,ជ
ជ-8.png,ជ
ជ-9.png,ជ
ជ-10.png,ជ
ជ-11.png,ជ
ជ-12.png,ជ
ជ-13.png,ជ
ជ-14.png,ជ
ជ-15.png,ជ
ជ-16.png,ជ
ជ-17.png,ជ
ជ-18.png,ជ
ជ-19.png,ជ
ជ-20.png,ជ
ជ-21.png,ជ
ជ-22.png,ជ
ជ-23.png,ជ
ជ-24.png,ជ
ជ-25.png,ជ
ជ-26.png,ជ
ជ-27.png,ជ
ជ-28.png,ជ
ជ-29.png,ជ
ជ-30.png,ជ
ជ-31.png,ជ
ជ-32.png,ជ
ជ-33.png,ជ
ជ-34.png,ជ
ជ-35.png,ជ
ជ-36.png,ជ
ជ-37.png,ជ
ជ-38.png,ជ
ជ-39.png,ជ
ជ-40.png,ជ
ជ-41.png,ជ
ជ-42.png,ជ
ជ-43.png,ជ
ជ-44.png,ជ
ជ-45.png,ជ
ជ-46.png,ជ
ជ-47.png,ជ
ជ-48.png,ជ
ជ-49.png,ជ
ជ-50.png,ជ
ជ-51.png,ជ
ជ-52.png,ជ
ជ-53.png,ជ
ជ-54.png,ជ
ជ-55.png,ជ
ជ-56.png,ជ
ជ-57.png,ជ
ជ-58.png,ជ
ជ-59.png,ជ
ជ-60.png,ជ
ជ-61.png,ជ
ជ-62.png,ជ
ជ-63.png,ជ
ជ-64.png,ជ
ជ-65.png,ជ
ជ-66.png,ជ
ជ-67.png,ជ
ជ-68.png,ជ
ជ-69.png,ជ
ជ-70.png,ជ
ជ-71.png,ជ
ជ-72.png,ជ
ជ-73.png,ជ
ជ-74.png,ជ
ជ-75.png,ជ
ជ-76.png,ជ
ជ-77.png,ជ
ជ-78.png,ជ
ជ-79.png,ជ
ជ-80.png,ជ
ជ-81.png,ជ
ជ-82.png,ជ
ជ-83.png,ជ
ជ-84.png,ជ
ជ-85.png,ជ
ជ-86.png,ជ
ជ-87.png,ជ
ជ-88.png,ជ
ជ-89.png,ជ
ជ-90.png,ជ
ជ-91.png,ជ
ជ-92.png,ជ
ជ-93.png,ជ
ជ-94.png,ជ
ជ-95.png,ជ
ជ-96.png,ជ
ជ-97.png,ជ
ជ-98.png,ជ
ជ-99.png,ជ
ជ-100.png,ជ
ឈ-1.png,ឈ
ឈ-2.png,ឈ
ឈ-3.png,ឈ
ឈ-4.png,ឈ
ឈ-5.png,ឈ
ឈ-6.png,ឈ
ឈ-7.png,ឈ
ឈ-8.png,ឈ
ឈ-9.png,ឈ
ឈ-10.png,ឈ
ឈ-11.png,ឈ
ឈ-12.png,ឈ
ឈ-13.png,ឈ
ឈ-14.png,ឈ
ឈ-15.png,ឈ
ឈ-16.png,ឈ
ឈ-17.png,ឈ
ឈ-18.png,ឈ
ឈ-19.png,ឈ
ឈ-20.png,ឈ
ឈ-21.png,ឈ
ឈ-22.png,ឈ
ឈ-23.png,ឈ
ឈ-24.png,ឈ
ឈ-25.png,ឈ
ឈ-26.png,ឈ
ឈ-27.png,ឈ
ឈ-28.png,ឈ
ឈ-29.png,ឈ
ឈ-30.png,ឈ
ឈ-31.png,ឈ
ឈ-32.png,ឈ
ឈ-33.png,ឈ
ឈ-34.png,ឈ
ឈ-35.png,ឈ
ឈ-36.png,ឈ
ឈ-37.png,ឈ
ឈ-38.png,ឈ
ឈ-39.png,ឈ
ឈ-40.png,ឈ
ឈ-41.png,ឈ
ឈ-42.png,ឈ
ឈ-43.png,ឈ
ឈ-44.png,ឈ
ឈ-45.png,ឈ
ឈ-46.png,ឈ
ឈ-47.png,ឈ
ឈ-48.png,ឈ
ឈ-49.png,ឈ
ឈ-50.png,ឈ
ឈ-51.png,ឈ
ឈ-52.png,ឈ
ឈ-53.png,ឈ
ឈ-54.png,ឈ
ឈ-55.png,ឈ
ឈ-56.png,ឈ
ឈ-57.png,ឈ
ឈ-58.png,ឈ
ឈ-59.png,ឈ
ឈ-60.png,ឈ
ឈ-61.png,ឈ
ឈ-62.png,ឈ
ឈ-63.png,ឈ
ឈ-64.png,ឈ
ឈ-65.png,ឈ
ឈ-66.png,ឈ
ឈ-67.png,ឈ
ឈ-68.png,ឈ
ឈ-69.png,ឈ
ឈ-70.png,ឈ
ឈ-71.png,ឈ
ឈ-72.png,ឈ
ឈ-73.png,ឈ
ឈ-74.png,ឈ
ឈ-75.png,ឈ
ឈ-76.png,ឈ
ឈ-77.png,ឈ
ឈ-78.png,ឈ
ឈ-79.png,ឈ
ឈ-80.png,ឈ
ឈ-81.png,ឈ
ឈ-82.png,ឈ
ឈ-83.png,ឈ
ឈ-84.png,ឈ
ឈ-85.png,ឈ
ឈ-86.png,ឈ
ឈ-87.png,ឈ
ឈ-88.png,ឈ
ឈ-89.png,ឈ
ឈ-90.png,ឈ
ឈ-91.png,ឈ
ឈ-92.png,ឈ
ឈ-93.png,ឈ
ឈ-94.png,ឈ
ឈ-95.png,ឈ
ឈ-96.png,ឈ
ឈ-97.png,ឈ
ឈ-98.png,ឈ
ឈ-99.png,ឈ
ឈ-100.png,ឈ
ញ-1.png,ញ
ញ-2.png,ញ
ញ-3.png,ញ
ញ-4.png,ញ
ញ-5.png,ញ
ញ-6.png,ញ
ញ-7.png,ញ
ញ-8.png,ញ
ញ-9.png,ញ
ញ-10.png,ញ
ញ-11.png,ញ
ញ-12.png,ញ
ញ-13.png,ញ
ញ-14.png,ញ
ញ-15.png,ញ
ញ-16.png,ញ
ញ-17.png,ញ
ញ-18.png,ញ
ញ-19.png,ញ
ញ-20.png,ញ
ញ-21.png,ញ
ញ-22.png,ញ
ញ-23.png,ញ
ញ-24.png,ញ
ញ-25.png,ញ
ញ-26.png,ញ
ញ-27.png,ញ
ញ-28.png,ញ
ញ-29.png,ញ
ញ-30.png,ញ
ញ-31.png,ញ
ញ-32.png,ញ
ញ-33.png,ញ
ញ-34.png,ញ
ញ-35.png,ញ
ញ-36.png,ញ
ញ-37.png,ញ
ញ-38.png,ញ
ញ-39.png,ញ
ញ-40.png,ញ
ញ-41.png,ញ
ញ-42.png,ញ
ញ-43.png,ញ
ញ-44.png,ញ
ញ-45.png,ញ
ញ-46.png,ញ
ញ-47.png,ញ
ញ-48.png,ញ
ញ-49.png,ញ
ញ-50.png,ញ
ញ-51.png,ញ
ញ-52.png,ញ
ញ-53.png,ញ
ញ-54.png,ញ
ញ-55.png,ញ
ញ-56.png,ញ
ញ-57.png,ញ
ញ-58.png,ញ
ញ-59.png,ញ
ញ-60.png,ញ
ញ-61.png,ញ
ញ-62.png,ញ
ញ-63.png,ញ
ញ-64.png,ញ
ញ-65.png,ញ
ញ-66.png,ញ
ញ-67.png,ញ
ញ-68.png,ញ
ញ-69.png,ញ
ញ-70.png,ញ
ញ-71.png,ញ
ញ-72.png,ញ
ញ-73.png,ញ
ញ-74.png,ញ
ញ-75.png,ញ
ញ-76.png,ញ
ញ-77.png,ញ
ញ-78.png,ញ
ញ-79.png,ញ
ញ-80.png,ញ
ញ-81.png,ញ
ញ-82.png,ញ
ញ-83.png,ញ
ញ-84.png,ញ
ញ-85.png,ញ
ញ-86.png,ញ
ញ-87.png,ញ
ញ-88.png,ញ
ញ-89.png,ញ
ញ-90.png,ញ
ញ-91.png,ញ
ញ-92.png,ញ
ញ-93.png,ញ
ញ-94.png,ញ
ញ-95.png,ញ
ញ-96.png,ញ
ញ-97.png,ញ
ញ-98.png,ញ
ញ-99.png,ញ
ញ-100.png,ញ
ដ-1.png,ដ
ដ-2.png,ដ
ដ-3.png,ដ
ដ-4.png,ដ
ដ-5.png,ដ
ដ-6.png,ដ
ដ-7.png,ដ
ដ-8.png,ដ
ដ-9.png,ដ
ដ-10.png,ដ
ដ-11.png,ដ
ដ-12.png,ដ
ដ-13.png,ដ
ដ-14.png,ដ
ដ-15.png,ដ
ដ-16.png,ដ
ដ-17.png,ដ
ដ-18.png,ដ
ដ-19.png,ដ
ដ-20.png,ដ
ដ-21.png,ដ
ដ-22.png,ដ
ដ-23.png,ដ
ដ-24.png,ដ
ដ-25.png,ដ
ដ-26.png,ដ
ដ-27.png,ដ
ដ-28.png,ដ
ដ-29.png,ដ
ដ-30.png,ដ
ដ-31.png,ដ
ដ-32.png,ដ
ដ-33.png,ដ
ដ-34.png,ដ
ដ-35.png,ដ
ដ-36.png,ដ
ដ-37.png,ដ
ដ-38.png,ដ
ដ-39.png,ដ
ដ-40.png,ដ
ដ-41.png,ដ
ដ-42.png,ដ
ដ-43.png,ដ
ដ-44.png,ដ
ដ-45.png,ដ
ដ-46.png,ដ
ដ-47.png,ដ
ដ-48.png,ដ
ដ-49.png,ដ
ដ-50.png,ដ
ដ-51.png,ដ
ដ-52.png,ដ
ដ-53.png,ដ
ដ-54.png,ដ
ដ-55.png,ដ
ដ-56.png,ដ
ដ-57.png,ដ
ដ-58.png,ដ
ដ-59.png,ដ
ដ-60.png,ដ
ដ-61.png,ដ
ដ-62.png,ដ
ដ-63.png,ដ
ដ-64.png,ដ
ដ-65.png,ដ
ដ-66.png,ដ
ដ-67.png,ដ
ដ-68.png,ដ
ដ-69.png,ដ
ដ-70.png,ដ
ដ-71.png,ដ
ដ-72.png,ដ
ដ-73.png,ដ
ដ-74.png,ដ
ដ-75.png,ដ
ដ-76.png,ដ
ដ-77.png,ដ
ដ-78.png,ដ
ដ-79.png,ដ
ដ-80.png,ដ
ដ-81.png,ដ
ដ-82.png,ដ
ដ-83.png,ដ
ដ-84.png,ដ
ដ-85.png,ដ
ដ-86.png,ដ
ដ-87.png,ដ
ដ-88.png,ដ
ដ-89.png,ដ
ដ-90.png,ដ
ដ-91.png,ដ
ដ-92.png,ដ
ដ-93.png,ដ
ដ-94.png,ដ
ដ-95.png,ដ
ដ-96.png,ដ
ដ-97.png,ដ
ដ-98.png,ដ
ដ-99.png,ដ
ដ-100.png,ដ
ឋ-1.png,ឋ
ឋ-2.png,ឋ
ឋ-3.png,ឋ
ឋ-4.png,ឋ
ឋ-5.png,ឋ
ឋ-6.png,ឋ
ឋ-7.png,ឋ
ឋ-8.png,ឋ
ឋ-9.png,ឋ
ឋ-10.png,ឋ
ឋ-11.png,ឋ
ឋ-12.png,ឋ
ឋ-13.png,ឋ
ឋ-14.png,ឋ
ឋ-15.png,ឋ
ឋ-16.png,ឋ
ឋ-17.png,ឋ
ឋ-18.png,ឋ
ឋ-19.png,ឋ
ឋ-20.png,ឋ
ឋ-21.png,ឋ
ឋ-22.png,ឋ
ឋ-23.png,ឋ
ឋ-24.png,ឋ
ឋ-25.png,ឋ
ឋ-26.png,ឋ
ឋ-27.png,ឋ
ឋ-28.png,ឋ
ឋ-29.png,ឋ
ឋ-30.png,ឋ
ឋ-31.png,ឋ
ឋ-32.png,ឋ
ឋ-33.png,ឋ
ឋ-34.png,ឋ
ឋ-35.png,ឋ
ឋ-36.png,ឋ
ឋ-37.png,ឋ
ឋ-38.png,ឋ
ឋ-39.png,ឋ
ឋ-40.png,ឋ
ឋ-41.png,ឋ
ឋ-42.png,ឋ
ឋ-43.png,ឋ
ឋ-44.png,ឋ
ឋ-45.png,ឋ
ឋ-46.png,ឋ
ឋ-47.png,ឋ
ឋ-48.png,ឋ
ឋ-49.png,ឋ
ឋ-50.png,ឋ
ឋ-51.png,ឋ
ឋ-52.png,ឋ
ឋ-53.png,ឋ
ឋ-54.png,ឋ
ឋ-55.png,ឋ
ឋ-56.png,ឋ
ឋ-57.png,ឋ
ឋ-58.png,ឋ
ឋ-59.png,ឋ
ឋ-60.png,ឋ
ឋ-61.png,ឋ
ឋ-62.png,ឋ
ឋ-63.png,ឋ
ឋ-64.png,ឋ
ឋ-65.png,ឋ
ឋ-66.png,ឋ
ឋ-67.png,ឋ
ឋ-68.png,ឋ
ឋ-69.png,ឋ
ឋ-70.png,ឋ
ឋ-71.png,ឋ
ឋ-72.png,ឋ
ឋ-73.png,ឋ
ឋ-74.png,ឋ
ឋ-75.png,ឋ
ឋ-76.png,ឋ
ឋ-77.png,ឋ
ឋ-78.png,ឋ
ឋ-79.png,ឋ
ឋ-80.png,ឋ
ឋ-81.png,ឋ
ឋ-82.png,ឋ
ឋ-83.png,ឋ
ឋ-84.png,ឋ
ឋ-85.png,ឋ
ឋ-86.png,ឋ
ឋ-87.png,ឋ
ឋ-88.png,ឋ
ឋ-89.png,ឋ
ឋ-90.png,ឋ
ឋ-91.png,ឋ
ឋ-92.png,ឋ
ឋ-93.png,ឋ
ឋ-94.png,ឋ
ឋ-95.png,ឋ
ឋ-96.png,ឋ
ឋ-97.png,ឋ
ឋ-98.png,ឋ
ឋ-99.png,ឋ
ឋ-100.png,ឋ
ឌ-1.png,ឌ
ឌ-2.png,ឌ
ឌ-3.png,ឌ
ឌ-4.png,ឌ
ឌ-5.png,ឌ
ឌ-6.png,ឌ
ឌ-7.png,ឌ
ឌ-8.png,ឌ
ឌ-9.png,ឌ
ឌ-10.png,ឌ
ឌ-11.png,ឌ
ឌ-12.png,ឌ
ឌ-13.png,ឌ
ឌ-14.png,ឌ
ឌ-15.png,ឌ
ឌ-16.png,ឌ
ឌ-17.png,ឌ
ឌ-18.png,ឌ
ឌ-19.png,ឌ
ឌ-20.png,ឌ
ឌ-21.png,ឌ
ឌ-22.png,ឌ
ឌ-23.png,ឌ
ឌ-24.png,ឌ
ឌ-25.png,ឌ
ឌ-26.png,ឌ
ឌ-27.png,ឌ
ឌ-28.png,ឌ
ឌ-29.png,ឌ
ឌ-30.png,ឌ
ឌ-31.png,ឌ
ឌ-32.png,ឌ
ឌ-33.png,ឌ
ឌ-34.png,ឌ
ឌ-35.png,ឌ
ឌ-36.png,ឌ
ឌ-37.png,ឌ
ឌ-38.png,ឌ
ឌ-39.png,ឌ
ឌ-40.png,ឌ
ឌ-41.png,ឌ
ឌ-42.png,ឌ
ឌ-43.png,ឌ
ឌ-44.png,ឌ
ឌ-45.png,ឌ
ឌ-46.png,ឌ
ឌ-47.png,ឌ
ឌ-48.png,ឌ
ឌ-49.png,ឌ
ឌ-50.png,ឌ
ឌ-51.png,ឌ
ឌ-52.png,ឌ
ឌ-53.png,ឌ
ឌ-54.png,ឌ
ឌ-55.png,ឌ
ឌ-56.png,ឌ
ឌ-57.png,ឌ
ឌ-58.png,ឌ
ឌ-59.png,ឌ
ឌ-60.png,ឌ
ឌ-61.png,ឌ
ឌ-62.png,ឌ
ឌ-63.png,ឌ
ឌ-64.png,ឌ
ឌ-65.png,ឌ
ឌ-66.png,ឌ
ឌ-67.png,ឌ
ឌ-68.png,ឌ
ឌ-69.png,ឌ
ឌ-70.png,ឌ
ឌ-71.png,ឌ
ឌ-72.png,ឌ
ឌ-73.png,ឌ
ឌ-74.png,ឌ
ឌ-75.png,ឌ
ឌ-76.png,ឌ
ឌ-77.png,ឌ
ឌ-78.png,ឌ
ឌ-79.png,ឌ
ឌ-80.png,ឌ
ឌ-81.png,ឌ
ឌ-82.png,ឌ
ឌ-83.png,ឌ
ឌ-84.png,ឌ
ឌ-85.png,ឌ
ឌ-86.png,ឌ
ឌ-87.png,ឌ
ឌ-88.png,ឌ
ឌ-89.png,ឌ
ឌ-90.png,ឌ
ឌ-91.png,ឌ
ឌ-92.png,ឌ
ឌ-93.png,ឌ
ឌ-94.png,ឌ
ឌ-95.png,ឌ
ឌ-96.png,ឌ
ឌ-97.png,ឌ
ឌ-98.png,ឌ
ឌ-99.png,ឌ
ឌ-100.png,ឌ
ឍ-1.png,ឍ
ឍ-2.png,ឍ
ឍ-3.png,ឍ
ឍ-4.png,ឍ
ឍ-5.png,ឍ
ឍ-6.png,ឍ
ឍ-7.png,ឍ
ឍ-8.png,ឍ
ឍ-9.png,ឍ
ឍ-10.png,ឍ
ឍ-11.png,ឍ
ឍ-12.png,ឍ
ឍ-13.png,ឍ
ឍ-14.png,ឍ
ឍ-15.png,ឍ
ឍ-16.png,ឍ
ឍ-17.png,ឍ
ឍ-18.png,ឍ
ឍ-19.png,ឍ
ឍ-20.png,ឍ
ឍ-21.png,ឍ
ឍ-22.png,ឍ
ឍ-23.png,ឍ
ឍ-24.png,ឍ
ឍ-25.png,ឍ
ឍ-26.png,ឍ
ឍ-27.png,ឍ
ឍ-28.png,ឍ
ឍ-29.png,ឍ
ឍ-30.png,ឍ
ឍ-31.png,ឍ
ឍ-32.png,ឍ
ឍ-33.png,ឍ
ឍ-34.png,ឍ
ឍ-35.png,ឍ
ឍ-36.png,ឍ
ឍ-37.png,ឍ
ឍ-38.png,ឍ
ឍ-39.png,ឍ
ឍ-40.png,ឍ
ឍ-41.png,ឍ
ឍ-42.png,ឍ
ឍ-43.png,ឍ
ឍ-44.png,ឍ
ឍ-45.png,ឍ
ឍ-46.png,ឍ
ឍ-47.png,ឍ
ឍ-48.png,ឍ
ឍ-49.png,ឍ
ឍ-50.png,ឍ
ឍ-51.png,ឍ
ឍ-52.png,ឍ
ឍ-53.png,ឍ
ឍ-54.png,ឍ
ឍ-55.png,ឍ
ឍ-56.png,ឍ
ឍ-57.png,ឍ
ឍ-58.png,ឍ
ឍ-59.png,ឍ
ឍ-60.png,ឍ
ឍ-61.png,ឍ
ឍ-62.png,ឍ
ឍ-63.png,ឍ
ឍ-64.png,ឍ
ឍ-65.png,ឍ
ឍ-66.png,ឍ
ឍ-67.png,ឍ
ឍ-68.png,ឍ
ឍ-69.png,ឍ
ឍ-70.png,ឍ
ឍ-71.png,ឍ
ឍ-72.png,ឍ
ឍ-73.png,ឍ
ឍ-74.png,ឍ
ឍ-75.png,ឍ
ឍ-76.png,ឍ
ឍ-77.png,ឍ
ឍ-78.png,ឍ
ឍ-79.png,ឍ
ឍ-80.png,ឍ
ឍ-81.png,ឍ
ឍ-82.png,ឍ
ឍ-83.png,ឍ
ឍ-84.png,ឍ
ឍ-85.png,ឍ
ឍ-86.png,ឍ
ឍ-87.png,ឍ
ឍ-88.png,ឍ
ឍ-89.png,ឍ
ឍ-90.png,ឍ
ឍ-91.png,ឍ
ឍ-92.png,ឍ
ឍ-93.png,ឍ
ឍ-94.png,ឍ
ឍ-95.png,ឍ
ឍ-96.png,ឍ
ឍ-97.png,ឍ
ឍ-98.png,ឍ
ឍ-99.png,ឍ
ឍ-100.png,ឍ
ណ-1.png,ណ
ណ-2.png,ណ
ណ-3.png,ណ
ណ-4.png,ណ
ណ-5.png,ណ
ណ-6.png,ណ
ណ-7.png,ណ
ណ-8.png,ណ
ណ-9.png,ណ
ណ-10.png,ណ
ណ-11.png,ណ
ណ-12.png,ណ
ណ-13.png,ណ
ណ-14.png,ណ
ណ-15.png,ណ
ណ-16.png,ណ
ណ-17.png,ណ
ណ-18.png,ណ
ណ-19.png,ណ
ណ-20.png,ណ
ណ-21.png,ណ
ណ-22.png,ណ
ណ-23.png,ណ
ណ-24.png,ណ
ណ-25.png,ណ
ណ-26.png,ណ
ណ-27.png,ណ
ណ-28.png,ណ
ណ-29.png,ណ
ណ-30.png,ណ
ណ-31.png,ណ
ណ-32.png,ណ
ណ-33.png,ណ
ណ-34.png,ណ
ណ-35.png,ណ
ណ-36.png,ណ
ណ-37.png,ណ
ណ-38.png,ណ
ណ-39.png,ណ
ណ-40.png,ណ
ណ-41.png,ណ
ណ-42.png,ណ
ណ-43.png,ណ
ណ-44.png,ណ
ណ-45.png,ណ
ណ-46.png,ណ
ណ-47.png,ណ
ណ-48.png,ណ
ណ-49.png,ណ
ណ-50.png,ណ
ណ-51.png,ណ
ណ-52.png,ណ
ណ-53.png,ណ
ណ-54.png,ណ
ណ-55.png,ណ
ណ-56.png,ណ
ណ-57.png,ណ
ណ-58.png,ណ
ណ-59.png,ណ
ណ-60.png,ណ
ណ-61.png,ណ
ណ-62.png,ណ
ណ-63.png,ណ
ណ-64.png,ណ
ណ-65.png,ណ
ណ-66.png,ណ
ណ-67.png,ណ
ណ-68.png,ណ
ណ-69.png,ណ
ណ-70.png,ណ
ណ-71.png,ណ
ណ-72.png,ណ
ណ-73.png,ណ
ណ-74.png,ណ
ណ-75.png,ណ
ណ-76.png,ណ
ណ-77.png,ណ
ណ-78.png,ណ
ណ-79.png,ណ
ណ-80.png,ណ
ណ-81.png,ណ
ណ-82.png,ណ
ណ-83.png,ណ
ណ-84.png,ណ
ណ-85.png,ណ
ណ-86.png,ណ
ណ-87.png,ណ
ណ-88.png,ណ
ណ-89.png,ណ
ណ-90.png,ណ
ណ-91.png,ណ
ណ-92.png,ណ
ណ-93.png,ណ
ណ-94.png,ណ
ណ-95.png,ណ
ណ-96.png,ណ
ណ-97.png,ណ
ណ-98.png,ណ
ណ-99.png,ណ
ណ-100.png,ណ
ត-1.png,ត
ត-2.png,ត
ត-3.png,ត
ត-4.png,ត
ត-5.png,ត
ត-6.png,ត
ត-7.png,ត
ត-8.png,ត
ត-9.png,ត
ត-10.png,ត
ត-11.png,ត
ត-12.png,ត
ត-13.png,ត
ត-14.png,ត
ត-15.png,ត
ត-16.png,ត
ត-17.png,ត
ត-18.png,ត
ត-19.png,ត
ត-20.png,ត
ត-21.png,ត
ត-22.png,ត
ត-23.png,ត
ត-24.png,ត
ត-25.png,ត
ត-26.png,ត
ត-27.png,ត
ត-28.png,ត
ត-29.png,ត
ត-30.png,ត
ត-31.png,ត
ត-32.png,ត
ត-33.png,ត
ត-34.png,ត
ត-35.png,ត
ត-36.png,ត
ត-37.png,ត
ត-38.png,ត
ត-39.png,ត
ត-40.png,ត
ត-41.png,ត
ត-42.png,ត
ត-43.png,ត
ត-44.png,ត
ត-45.png,ត
ត-46.png,ត
ត-47.png,ត
ត-48.png,ត
ត-49.png,ត
ត-50.png,ត
ត-51.png,ត
ត-52.png,ត
ត-53.png,ត
ត-54.png,ត
ត-55.png,ត
ត-56.png,ត
ត-57.png,ត
ត-58.png,ត
ត-59.png,ត
ត-60.png,ត
ត-61.png,ត
ត-62.png,ត
ត-63.png,ត
ត-64.png,ត
ត-65.png,ត
ត-66.png,ត
ត-67.png,ត
ត-68.png,ត
ត-69.png,ត
ត-70.png,ត
ត-71.png,ត
ត-72.png,ត
ត-73.png,ត
ត-74.png,ត
ត-75.png,ត
ត-76.png,ត
ត-77.png,ត
ត-78.png,ត
ត-79.png,ត
ត-80.png,ត
ត-81.png,ត
ត-82.png,ត
ត-83.png,ត
ត-84.png,ត
ត-85.png,ត
ត-86.png,ត
ត-87.png,ត
ត-88.png,ត
ត-89.png,ត
ត-90.png,ត
ត-91.png,ត
ត-92.png,ត
ត-93.png,ត
ត-94.png,ត
ត-95.png,ត
ត-96.png,ត
ត-97.png,ត
ត-98.png,ត
ត-99.png,ត
ត-100.png,ត
ថ-1.png,ថ
ថ-2.png,ថ
ថ-3.png,ថ
ថ-4.png,ថ
ថ-5.png,ថ
ថ-6.png,ថ
ថ-7.png,ថ
ថ-8.png,ថ
ថ-9.png,ថ
ថ-10.png,ថ
ថ-11.png,ថ
ថ-12.png,ថ
ថ-13.png,ថ
ថ-14.png,ថ
ថ-15.png,ថ
ថ-16.png,ថ
ថ-17.png,ថ
ថ-18.png,ថ
ថ-19.png,ថ
ថ-20.png,ថ
ថ-21.png,ថ
ថ-22.png,ថ
ថ-23.png,ថ
ថ-24.png,ថ
ថ-25.png,ថ
ថ-26.png,ថ
ថ-27.png,ថ
ថ-28.png,ថ
ថ-29.png,ថ
ថ-30.png,ថ
ថ-31.png,ថ
ថ-32.png,ថ
ថ-33.png,ថ
ថ-34.png,ថ
ថ-35.png,ថ
ថ-36.png,ថ
ថ-37.png,ថ
ថ-38.png,ថ
ថ-39.png,ថ
ថ-40.png,ថ
ថ-41.png,ថ
ថ-42.png,ថ
ថ-43.png,ថ
ថ-44.png,ថ
ថ-45.png,ថ
ថ-46.png,ថ
ថ-47.png,ថ
ថ-48.png,ថ
ថ-49.png,ថ
ថ-50.png,ថ
ថ-51.png,ថ
ថ-52.png,ថ
ថ-53.png,ថ
ថ-54.png,ថ
ថ-55.png,ថ
ថ-56.png,ថ
ថ-57.png,ថ
ថ-58.png,ថ
ថ-59.png,ថ
ថ-60.png,ថ
ថ-61.png,ថ
ថ-62.png,ថ
ថ-63.png,ថ
ថ-64.png,ថ
ថ-65.png,ថ
ថ-66.png,ថ
ថ-67.png,ថ
ថ-68.png,ថ
ថ-69.png,ថ
ថ-70.png,ថ
ថ-71.png,ថ
ថ-72.png,ថ
ថ-73.png,ថ
ថ-74.png,ថ
ថ-75.png,ថ
ថ-76.png,ថ
ថ-77.png,ថ
ថ-78.png,ថ
ថ-79.png,ថ
ថ-80.png,ថ
ថ-81.png,ថ
ថ-82.png,ថ
ថ-83.png,ថ
ថ-84.png,ថ
ថ-85.png,ថ
ថ-86.png,ថ
ថ-87.png,ថ
ថ-88.png,ថ
ថ-89.png,ថ
ថ-90.png,ថ
ថ-91.png,ថ
ថ-92.png,ថ
ថ-93.png,ថ
ថ-94.png,ថ
ថ-95.png,ថ
ថ-96.png,ថ
ថ-97.png,ថ
ថ-98.png,ថ
ថ-99.png,ថ
ថ-100.png,ថ
ទ-1.png,ទ
ទ-2.png,ទ
ទ-3.png,ទ
ទ-4.png,ទ
ទ-5.png,ទ
ទ-6.png,ទ
ទ-7.png,ទ
ទ-8.png,ទ
ទ-9.png,ទ
ទ-10.png,ទ
ទ-11.png,ទ
ទ-12.png,ទ
ទ-13.png,ទ
ទ-14.png,ទ
ទ-15.png,ទ
ទ-16.png,ទ
ទ-17.png,ទ
ទ-18.png,ទ
ទ-19.png,ទ
ទ-20.png,ទ
ទ-21.png,ទ
ទ-22.png,ទ
ទ-23.png,ទ
ទ-24.png,ទ
ទ-25.png,ទ
ទ-26.png,ទ
ទ-27.png,ទ
ទ-28.png,ទ
ទ-29.png,ទ
ទ-30.png,ទ
ទ-31.png,ទ
ទ-32.png,ទ
ទ-33.png,ទ
ទ-34.png,ទ
ទ-35.png,ទ
ទ-36.png,ទ
ទ-37.png,ទ
ទ-38.png,ទ
ទ-39.png,ទ
ទ-40.png,ទ
ទ-41.png,ទ
ទ-42.png,ទ
ទ-43.png,ទ
ទ-44.png,ទ
ទ-45.png,ទ
ទ-46.png,ទ
ទ-47.png,ទ
ទ-48.png,ទ
ទ-49.png,ទ
ទ-50.png,ទ
ទ-51.png,ទ
ទ-52.png,ទ
ទ-53.png,ទ
ទ-54.png,ទ
ទ-55.png,ទ
ទ-56.png,ទ
ទ-57.png,ទ
ទ-58.png,ទ
ទ-59.png,ទ
ទ-60.png,ទ
ទ-61.png,ទ
ទ-62.png,ទ
ទ-63.png,ទ
ទ-64.png,ទ
ទ-65.png,ទ
ទ-66.png,ទ
ទ-67.png,ទ
ទ-68.png,ទ
ទ-69.png,ទ
ទ-70.png,ទ
ទ-71.png,ទ
ទ-72.png,ទ
ទ-73.png,ទ
ទ-74.png,ទ
ទ-75.png,ទ
ទ-76.png,ទ
ទ-77.png,ទ
ទ-78.png,ទ
ទ-79.png,ទ
ទ-80.png,ទ
ទ-81.png,ទ
ទ-82.png,ទ
ទ-83.png,ទ
ទ-84.png,ទ
ទ-85.png,ទ
ទ-86.png,ទ
ទ-87.png,ទ
ទ-88.png,ទ
ទ-89.png,ទ
ទ-90.png,ទ
ទ-91.png,ទ
ទ-92.png,ទ
ទ-93.png,ទ
ទ-94.png,ទ
ទ-95.png,ទ
ទ-96.png,ទ
ទ-97.png,ទ
ទ-98.png,ទ
ទ-99.png,ទ
ទ-100.png,ទ
ធ-1.png,ធ
ធ-2.png,ធ
ធ-3.png,ធ
ធ-4.png,ធ
ធ-5.png,ធ
ធ-6.png,ធ
ធ-7.png,ធ
ធ-8.png,ធ
ធ-9.png,ធ
ធ-10.png,ធ
ធ-11.png,ធ
ធ-12.png,ធ
ធ-13.png,ធ
ធ-14.png,ធ
ធ-15.png,ធ
ធ-16.png,ធ
ធ-17.png,ធ
ធ-18.png,ធ
ធ-19.png,ធ
ធ-20.png,ធ
ធ-21.png,ធ
ធ-22.png,ធ
ធ-23.png,ធ
ធ-24.png,ធ
ធ-25.png,ធ
ធ-26.png,ធ
ធ-27.png,ធ
ធ-28.png,ធ
ធ-29.png,ធ
ធ-30.png,ធ
ធ-31.png,ធ
ធ-32.png,ធ
ធ-33.png,ធ
ធ-34.png,ធ
ធ-35.png,ធ
ធ-36.png,ធ
ធ-37.png,ធ
ធ-38.png,ធ
ធ-39.png,ធ
ធ-40.png,ធ
ធ-41.png,ធ
ធ-42.png,ធ
ធ-43.png,ធ
ធ-44.png,ធ
ធ-45.png,ធ
ធ-46.png,ធ
ធ-47.png,ធ
ធ-48.png,ធ
ធ-49.png,ធ
ធ-50.png,ធ
ធ-51.png,ធ
ធ-52.png,ធ
ធ-53.png,ធ
ធ-54.png,ធ
ធ-55.png,ធ
ធ-56.png,ធ
ធ-57.png,ធ
ធ-58.png,ធ
ធ-59.png,ធ
ធ-60.png,ធ
ធ-61.png,ធ
ធ-62.png,ធ
ធ-63.png,ធ
ធ-64.png,ធ
ធ-65.png,ធ
ធ-66.png,ធ
ធ-67.png,ធ
ធ-68.png,ធ
ធ-69.png,ធ
ធ-70.png,ធ
ធ-71.png,ធ
ធ-72.png,ធ
ធ-73.png,ធ
ធ-74.png,ធ
ធ-75.png,ធ
ធ-76.png,ធ
ធ-77.png,ធ
ធ-78.png,ធ
ធ-79.png,ធ
ធ-80.png,ធ
ធ-81.png,ធ
ធ-82.png,ធ
ធ-83.png,ធ
ធ-84.png,ធ
ធ-85.png,ធ
ធ-86.png,ធ
ធ-87.png,ធ
ធ-88.png,ធ
ធ-89.png,ធ
ធ-90.png,ធ
ធ-91.png,ធ
ធ-92.png,ធ
ធ-93.png,ធ
ធ-94.png,ធ
ធ-95.png,ធ
ធ-96.png,ធ
ធ-97.png,ធ
ធ-98.png,ធ
ធ-99.png,ធ
ធ-100.png,ធ
ន-1.png,ន
ន-2.png,ន
ន-3.png,ន
ន-4.png,ន
ន-5.png,ន
ន-6.png,ន
ន-7.png,ន
ន-8.png,ន
ន-9.png,ន
ន-10.png,ន
ន-11.png,ន
ន-12.png,ន
ន-13.png,ន
ន-14.png,ន
ន-15.png,ន
ន-16.png,ន
ន-17.png,ន
ន-18.png,ន
ន-19.png,ន
ន-20.png,ន
ន-21.png,ន
ន-22.png,ន
ន-23.png,ន
ន-24.png,ន
ន-25.png,ន
ន-26.png,ន
ន-27.png,ន
ន-28.png,ន
ន-29.png,ន
ន-30.png,ន
ន-31.png,ន
ន-32.png,ន
ន-33.png,ន
ន-34.png,ន
ន-35.png,ន
ន-36.png,ន
ន-37.png,ន
ន-38.png,ន
ន-39.png,ន
ន-40.png,ន
ន-41.png,ន
ន-42.png,ន
ន-43.png,ន
ន-44.png,ន
ន-45.png,ន
ន-46.png,ន
ន-47.png,ន
ន-48.png,ន
ន-49.png,ន
ន-50.png,ន
ន-51.png,ន
ន-52.png,ន
ន-53.png,ន
ន-54.png,ន
ន-55.png,ន
ន-56.png,ន
ន-57.png,ន
ន-58.png,ន
ន-59.png,ន
ន-60.png,ន
ន-61.png,ន
ន-62.png,ន
ន-63.png,ន
ន-64.png,ន
ន-65.png,ន
ន-66.png,ន
ន-67.png,ន
ន-68.png,ន
ន-69.png,ន
ន-70.png,ន
ន-71.png,ន
ន-72.png,ន
ន-73.png,ន
ន-74.png,ន
ន-75.png,ន
ន-76.png,ន
ន-77.png,ន
ន-78.png,ន
ន-79.png,ន
ន-80.png,ន
ន-81.png,ន
ន-82.png,ន
ន-83.png,ន
ន-84.png,ន
ន-85.png,ន
ន-86.png,ន
ន-87.png,ន
ន-88.png,ន
ន-89.png,ន
ន-90.png,ន
ន-91.png,ន
ន-92.png,ន
ន-93.png,ន
ន-94.png,ន
ន-95.png,ន
ន-96.png,ន
ន-97.png,ន
ន-98.png,ន
ន-99.png,ន
ន-100.png,ន
ប-1.png,ប
ប-2.png,ប
ប-3.png,ប
ប-4.png,ប
ប-5.png,ប
ប-6.png,ប
ប-7.png,ប
ប-8.png,ប
ប-9.png,ប
ប-10.png,ប
ប-11.png,ប
ប-12.png,ប
ប-13.png,ប
ប-14.png,ប
ប-15.png,ប
ប-16.png,ប
ប-17.png,ប
ប-18.png,ប
ប-19.png,ប
ប-20.png,ប
ប-21.png,ប
ប-22.png,ប
ប-23.png,ប
ប-24.png,ប
ប-25.png,ប
ប-26.png,ប
ប-27.png,ប
ប-28.png,ប
ប-29.png,ប
ប-30.png,ប
ប-31.png,ប
ប-32.png,ប
ប-33.png,ប
ប-34.png,ប
ប-35.png,ប
ប-36.png,ប
ប-37.png,ប
ប-38.png,ប
ប-39.png,ប
ប-40.png,ប
ប-41.png,ប
ប-42.png,ប
ប-43.png,ប
ប-44.png,ប
ប-45.png,ប
ប-46.png,ប
ប-47.png,ប
ប-48.png,ប
ប-49.png,ប
ប-50.png,ប
ប-51.png,ប
ប-52.png,ប
ប-53.png,ប
ប-54.png,ប
ប-55.png,ប
ប-56.png,ប
ប-57.png,ប
ប-58.png,ប
ប-59.png,ប
ប-60.png,ប
ប-61.png,ប
ប-62.png,ប
ប-63.png,ប
ប-64.png,ប
ប-65.png,ប
ប-66.png,ប
ប-67.png,ប
ប-68.png,ប
ប-69.png,ប
ប-70.png,ប
ប-71.png,ប
ប-72.png,ប
ប-73.png,ប
ប-74.png,ប
ប-75.png,ប
ប-76.png,ប
ប-77.png,ប
ប-78.png,ប
ប-79.png,ប
ប-80.png,ប
ប-81.png,ប
ប-82.png,ប
ប-83.png,ប
ប-84.png,ប
ប-85.png,ប
ប-86.png,ប
ប-87.png,ប
ប-88.png,ប
ប-89.png,ប
ប-90.png,ប
ប-91.png,ប
ប-92.png,ប
ប-93.png,ប
ប-94.png,ប
ប-95.png,ប
ប-96.png,ប
ប-97.png,ប
ប-98.png,ប
ប-99.png,ប
ប-100.png,ប
ផ-1.png,ផ
ផ-2.png,ផ
ផ-3.png,ផ
ផ-4.png,ផ
ផ-5.png,ផ
ផ-6.png,ផ
ផ-7.png,ផ
ផ-8.png,ផ
ផ-9.png,ផ
ផ-10.png,ផ
ផ-11.png,ផ
ផ-12.png,ផ
ផ-13.png,ផ
ផ-14.png,ផ
ផ-15.png,ផ
ផ-16.png,ផ
ផ-17.png,ផ
ផ-18.png,ផ
ផ-19.png,ផ
ផ-20.png,ផ
ផ-21.png,ផ
ផ-22.png,ផ
ផ-23.png,ផ
ផ-24.png,ផ
ផ-25.png,ផ
ផ-26.png,ផ
ផ-27.png,ផ
ផ-28.png,ផ
ផ-29.png,ផ
ផ-30.png,ផ
ផ-31.png,ផ
ផ-32.png,ផ
ផ-33.png,ផ
ផ-34.png,ផ
ផ-35.png,ផ
ផ-36.png,ផ
ផ-37.png,ផ
ផ-38.png,ផ
ផ-39.png,ផ
ផ-40.png,ផ
ផ-41.png,ផ
ផ-42.png,ផ
ផ-43.png,ផ
ផ-44.png,ផ
ផ-45.png,ផ
ផ-46.png,ផ
ផ-47.png,ផ
ផ-48.png,ផ
ផ-49.png,ផ
ផ-50.png,ផ
ផ-51.png,ផ
ផ-52.png,ផ
ផ-53.png,ផ
ផ-54.png,ផ
ផ-55.png,ផ
ផ-56.png,ផ
ផ-57.png,ផ
ផ-58.png,ផ
ផ-59.png,ផ
ផ-60.png,ផ
ផ-61.png,ផ
ផ-62.png,ផ
ផ-63.png,ផ
ផ-64.png,ផ
ផ-65.png,ផ
ផ-66.png,ផ
ផ-67.png,ផ
ផ-68.png,ផ
ផ-69.png,ផ
ផ-70.png,ផ
ផ-71.png,ផ
ផ-72.png,ផ
ផ-73.png,ផ
ផ-74.png,ផ
ផ-75.png,ផ
ផ-76.png,ផ
ផ-77.png,ផ
ផ-78.png,ផ
ផ-79.png,ផ
ផ-80.png,ផ
ផ-81.png,ផ
ផ-82.png,ផ
ផ-83.png,ផ
ផ-84.png,ផ
ផ-85.png,ផ
ផ-86.png,ផ
ផ-87.png,ផ
ផ-88.png,ផ
ផ-89.png,ផ
ផ-90.png,ផ
ផ-91.png,ផ
ផ-92.png,ផ
ផ-93.png,ផ
ផ-94.png,ផ
ផ-95.png,ផ
ផ-96.png,ផ
ផ-97.png,ផ
ផ-98.png,ផ
ផ-99.png,ផ
ផ-100.png,ផ
ព-1.png,ព
ព-2.png,ព
ព-3.png,ព
ព-4.png,ព
ព-5.png,ព
ព-6.png,ព
ព-7.png,ព
ព-8.png,ព
ព-9.png,ព
ព-10.png,ព
ព-11.png,ព
ព-12.png,ព
ព-13.png,ព
ព-14.png,ព
ព-15.png,ព
ព-16.png,ព
ព-17.png,ព
ព-18.png,ព
ព-19.png,ព
ព-20.png,ព
ព-21.png,ព
ព-22.png,ព
ព-23.png,ព
ព-24.png,ព
ព-25.png,ព
ព-26.png,ព
ព-27.png,ព
ព-28.png,ព
ព-29.png,ព
ព-30.png,ព
ព-31.png,ព
ព-32.png,ព
ព-33.png,ព
ព-34.png,ព
ព-35.png,ព
ព-36.png,ព
ព-37.png,ព
ព-38.png,ព
ព-39.png,ព
ព-40.png,ព
ព-41.png,ព
ព-42.png,ព
ព-43.png,ព
ព-44.png,ព
ព-45.png,ព
ព-46.png,ព
ព-47.png,ព
ព-48.png,ព
ព-49.png,ព
ព-50.png,ព
ព-51.png,ព
ព-52.png,ព
ព-53.png,ព
ព-54.png,ព
ព-55.png,ព
ព-56.png,ព
ព-57.png,ព
ព-58.png,ព
ព-59.png,ព
ព-60.png,ព
ព-61.png,ព
ព-62.png,ព
ព-63.png,ព
ព-64.png,ព
ព-65.png,ព
ព-66.png,ព
ព-67.png,ព
ព-68.png,ព
ព-69.png,ព
ព-70.png,ព
ព-71.png,ព
ព-72.png,ព
ព-73.png,ព
ព-74.png,ព
ព-75.png,ព
ព-76.png,ព
ព-77.png,ព
ព-78.png,ព
ព-79.png,ព
ព-80.png,ព
ព-81.png,ព
ព-82.png,ព
ព-83.png,ព
ព-84.png,ព
ព-85.png,ព
ព-86.png,ព
ព-87.png,ព
ព-88.png,ព
ព-89.png,ព
ព-90.png,ព
ព-91.png,ព
ព-92.png,ព
ព-93.png,ព
ព-94.png,ព
ព-95.png,ព
ព-96.png,ព
ព-97.png,ព
ព-98.png,ព
ព-99.png,ព
ព-100.png,ព
ភ-1.png,ភ
ភ-2.png,ភ
ភ-3.png,ភ
ភ-4.png,ភ
ភ-5.png,ភ
ភ-6.png,ភ
ភ-7.png,ភ
ភ-8.png,ភ
ភ-9.png,ភ
ភ-10.png,ភ
ភ-11.png,ភ
ភ-12.png,ភ
ភ-13.png,ភ
ភ-14.png,ភ
ភ-15.png,ភ
ភ-16.png,ភ
ភ-17.png,ភ
ភ-18.png,ភ
ភ-19.png,ភ
ភ-20.png,ភ
ភ-21.png,ភ
ភ-22.png,ភ
ភ-23.png,ភ
ភ-24.png,ភ
ភ-25.png,ភ
ភ-26.png,ភ
ភ-27.png,ភ
ភ-28.png,ភ
ភ-29.png,ភ
ភ-30.png,ភ
ភ-31.png,ភ
ភ-32.png,ភ
ភ-33.png,ភ
ភ-34.png,ភ
ភ-35.png,ភ
ភ-36.png,ភ
ភ-37.png,ភ
ភ-38.png,ភ
ភ-39.png,ភ
ភ-40.png,ភ
ភ-41.png,ភ
ភ-42.png,ភ
ភ-43.png,ភ
ភ-44.png,ភ
ភ-45.png,ភ
ភ-46.png,ភ
ភ-47.png,ភ
ភ-48.png,ភ
ភ-49.png,ភ
ភ-50.png,ភ
ភ-51.png,ភ
ភ-52.png,ភ
ភ-53.png,ភ
ភ-54.png,ភ
ភ-55.png,ភ
ភ-56.png,ភ
ភ-57.png,ភ
ភ-58.png,ភ
ភ-59.png,ភ
ភ-60.png,ភ
ភ-61.png,ភ
ភ-62.png,ភ
ភ-63.png,ភ
ភ-64.png,ភ
ភ-65.png,ភ
ភ-66.png,ភ
ភ-67.png,ភ
ភ-68.png,ភ
ភ-69.png,ភ
ភ-70.png,ភ
ភ-71.png,ភ
ភ-72.png,ភ
ភ-73.png,ភ
ភ-74.png,ភ
ភ-75.png,ភ
ភ-76.png,ភ
ភ-77.png,ភ
ភ-78.png,ភ
ភ-79.png,ភ
ភ-80.png,ភ
ភ-81.png,ភ
ភ-82.png,ភ
ភ-83.png,ភ
ភ-84.png,ភ
ភ-85.png,ភ
ភ-86.png,ភ
ភ-87.png,ភ
ភ-88.png,ភ
ភ-89.png,ភ
ភ-90.png,ភ
ភ-91.png,ភ
ភ-92.png,ភ
ភ-93.png,ភ
ភ-94.png,ភ
ភ-95.png,ភ
ភ-96.png,ភ
ភ-97.png,ភ
ភ-98.png,ភ
ភ-99.png,ភ
ភ-100.png,ភ
ម-1.png,ម
ម-2.png,ម
ម-3.png,ម
ម-4.png,ម
ម-5.png,ម
ម-6.png,ម
ម-7.png,ម
ម-8.png,ម
ម-9.png,ម
ម-10.png,ម
ម-11.png,ម
ម-12.png,ម
ម-13.png,ម
ម-14.png,ម
ម-15.png,ម
ម-16.png,ម
ម-17.png,ម
ម-18.png,ម
ម-19.png,ម
ម-20.png,ម
ម-21.png,ម
ម-22.png,ម
ម-23.png,ម
ម-24.png,ម
ម-25.png,ម
ម-26.png,ម
ម-27.png,ម
ម-28.png,ម
ម-29.png,ម
ម-30.png,ម
ម-31.png,ម
ម-32.png,ម
ម-33.png,ម
ម-34.png,ម
ម-35.png,ម
ម-36.png,ម
ម-37.png,ម
ម-38.png,ម
ម-39.png,ម
ម-40.png,ម
ម-41.png,ម
ម-42.png,ម
ម-43.png,ម
ម-44.png,ម
ម-45.png,ម
ម-46.png,ម
ម-47.png,ម
ម-48.png,ម
ម-49.png,ម
ម-50.png,ម
ម-51.png,ម
ម-52.png,ម
ម-53.png,ម
ម-54.png,ម
ម-55.png,ម
ម-56.png,ម
ម-57.png,ម
ម-58.png,ម
ម-59.png,ម
ម-60.png,ម
ម-61.png,ម
ម-62.png,ម
ម-63.png,ម
ម-64.png,ម
ម-65.png,ម
ម-66.png,ម
ម-67.png,ម
ម-68.png,ម
ម-69.png,ម
ម-70.png,ម
ម-71.png,ម
ម-72.png,ម
ម-73.png,ម
ម-74.png,ម
ម-75.png,ម
ម-76.png,ម
ម-77.png,ម
ម-78.png,ម
ម-79.png,ម
ម-80.png,ម
ម-81.png,ម
ម-82.png,ម
ម-83.png,ម
ម-84.png,ម
ម-85.png,ម
ម-86.png,ម
ម-87.png,ម
ម-88.png,ម
ម-89.png,ម
ម-90.png,ម
ម-91.png,ម
ម-92.png,ម
ម-93.png,ម
ម-94.png,ម
ម-95.png,ម
ម-96.png,ម
ម-97.png,ម
ម-98.png,ម
ម-99.png,ម
ម-100.png,ម
យ-1.png,យ
យ-2.png,យ
យ-3.png,យ
យ-4.png,យ
យ-5.png,យ
យ-6.png,យ
យ-7.png,យ
យ-8.png,យ
យ-9.png,យ
យ-10.png,យ
យ-11.png,យ
យ-12.png,យ
យ-13.png,យ
យ-14.png,យ
យ-15.png,យ
យ-16.png,យ
យ-17.png,យ
យ-18.png,យ
យ-19.png,យ
យ-20.png,យ
យ-21.png,យ
យ-22.png,យ
យ-23.png,យ
យ-24.png,យ
យ-25.png,យ
យ-26.png,យ
យ-27.png,យ
យ-28.png,យ
យ-29.png,យ
យ-30.png,យ
យ-31.png,យ
យ-32.png,យ
យ-33.png,យ
យ-34.png,យ
យ-35.png,យ
យ-36.png,យ
យ-37.png,យ
យ-38.png,យ
យ-39.png,យ
យ-40.png,យ
យ-41.png,យ
យ-42.png,យ
យ-43.png,យ
យ-44.png,យ
យ-45.png,យ
យ-46.png,យ
យ-47.png,យ
យ-48.png,យ
យ-49.png,យ
យ-50.png,យ
យ-51.png,យ
យ-52.png,យ
យ-53.png,យ
យ-54.png,យ
យ-55.png,យ
យ-56.png,យ
យ-57.png,យ
យ-58.png,យ
យ-59.png,យ
យ-60.png,យ
យ-61.png,យ
យ-62.png,យ
យ-63.png,យ
យ-64.png,យ
យ-65.png,យ
យ-66.png,យ
យ-67.png,យ
យ-68.png,យ
យ-69.png,យ
យ-70.png,យ
យ-71.png,យ
យ-72.png,យ
យ-73.png,យ
យ-74.png,យ
យ-75.png,យ
យ-76.png,យ
យ-77.png,យ
យ-78.png,យ
យ-79.png,យ
យ-80.png,យ
យ-81.png,យ
យ-82.png,យ
យ-83.png,យ
យ-84.png,យ
យ-85.png,យ
យ-86.png,យ
យ-87.png,យ
យ-88.png,យ
យ-89.png,យ
យ-90.png,យ
យ-91.png,យ
យ-92.png,យ
យ-93.png,យ
យ-94.png,យ
យ-95.png,យ
យ-96.png,យ
យ-97.png,យ
យ-98.png,យ
យ-99.png,យ
យ-100.png,យ
រ-1.png,រ
រ-2.png,រ
រ-3.png,រ
រ-4.png,រ
រ-5.png,រ
រ-6.png,រ
រ-7.png,រ
រ-8.png,រ
រ-9.png,រ
រ-10.png,រ
រ-11.png,រ
រ-12.png,រ
រ-13.png,រ
រ-14.png,រ
រ-15.png,រ
រ-16.png,រ
រ-17.png,រ
រ-18.png,រ
រ-19.png,រ
រ-20.png,រ
រ-21.png,រ
រ-22.png,រ
រ-23.png,រ
រ-24.png,រ
រ-25.png,រ
រ-26.png,រ
រ-27.png,រ
រ-28.png,រ
រ-29.png,រ
រ-30.png,រ
រ-31.png,រ
រ-32.png,រ
រ-33.png,រ
រ-34.png,រ
រ-35.png,រ
រ-36.png,រ
រ-37.png,រ
រ-38.png,រ
រ-39.png,រ
រ-40.png,រ
រ-41.png,រ
រ-42.png,រ
រ-43.png,រ
រ-44.png,រ
រ-45.png,រ
រ-46.png,រ
រ-47.png,រ
រ-48.png,រ
រ-49.png,រ
រ-50.png,រ
រ-51.png,រ
រ-52.png,រ
រ-53.png,រ
រ-54.png,រ
រ-55.png,រ
រ-56.png,រ
រ-57.png,រ
រ-58.png,រ
រ-59.png,រ
រ-60.png,រ
រ-61.png,រ
រ-62.png,រ
រ-63.png,រ
រ-64.png,រ
រ-65.png,រ
រ-66.png,រ
រ-67.png,រ
រ-68.png,រ
រ-69.png,រ
រ-70.png,រ
រ-71.png,រ
រ-72.png,រ
រ-73.png,រ
រ-74.png,រ
រ-75.png,រ
រ-76.png,រ
រ-77.png,រ
រ-78.png,រ
រ-79.png,រ
រ-80.png,រ
រ-81.png,រ
រ-82.png,រ
រ-83.png,រ
រ-84.png,រ
រ-85.png,រ
រ-86.png,រ
រ-87.png,រ
រ-88.png,រ
រ-89.png,រ
រ-90.png,រ
រ-91.png,រ
រ-92.png,រ
រ-93.png,រ
រ-94.png,រ
រ-95.png,រ
រ-96.png,រ
រ-97.png,រ
រ-98.png,រ
រ-99.png,រ
រ-100.png,រ
ល-1.png,ល
ល-2.png,ល
ល-3.png,ល
ល-4.png,ល
ល-5.png,ល
ល-6.png,ល
ល-7.png,ល
ល-8.png,ល
ល-9.png,ល
ល-10.png,ល
ល-11.png,ល
ល-12.png,ល
ល-13.png,ល
ល-14.png,ល
ល-15.png,ល
ល-16.png,ល
ល-17.png,ល
ល-18.png,ល
ល-19.png,ល
ល-20.png,ល
ល-21.png,ល
ល-22.png,ល
ល-23.png,ល
ល-24.png,ល
ល-25.png,ល
ល-26.png,ល
ល-27.png,ល
ល-28.png,ល
ល-29.png,ល
ល-30.png,ល
ល-31.png,ល
ល-32.png,ល
ល-33.png,ល
ល-34.png,ល
ល-35.png,ល
ល-36.png,ល
ល-37.png,ល
ល-38.png,ល
ល-39.png,ល
ល-40.png,ល
ល-41.png,ល
ល-42.png,ល
ល-43.png,ល
ល-44.png,ល
ល-45.png,ល
ល-46.png,ល
ល-47.png,ល
ល-48.png,ល
ល-49.png,ល
ល-50.png,ល
ល-51.png,ល
ល-52.png,ល
ល-53.png,ល
ល-54.png,ល
ល-55.png,ល
ល-56.png,ល
ល-57.png,ល
ល-58.png,ល
ល-59.png,ល
ល-60.png,ល
ល-61.png,ល
ល-62.png,ល
ល-63.png,ល
ល-64.png,ល
ល-65.png,ល
ល-66.png,ល
ល-67.png,ល
ល-68.png,ល
ល-69.png,ល
ល-70.png,ល
ល-71.png,ល
ល-72.png,ល
ល-73.png,ល
ល-74.png,ល
ល-75.png,ល
ល-76.png,ល
ល-77.png,ល
ល-78.png,ល
ល-79.png,ល
ល-80.png,ល
ល-81.png,ល
ល-82.png,ល
ល-83.png,ល
ល-84.png,ល
ល-85.png,ល
ល-86.png,ល
ល-87.png,ល
ល-88.png,ល
ល-89.png,ល
ល-90.png,ល
ល-91.png,ល
ល-92.png,ល
ល-93.png,ល
ល-94.png,ល
ល-95.png,ល
ល-96.png,ល
ល-97.png,ល
ល-98.png,ល
ល-99.png,ល
ល-100.png,ល
វ-1.png,វ
វ-2.png,វ
វ-3.png,វ
វ-4.png,វ
វ-5.png,វ
វ-6.png,វ
វ-7.png,វ
វ-8.png,វ
វ-9.png,វ
វ-10.png,វ
វ-11.png,វ
វ-12.png,វ
វ-13.png,វ
វ-14.png,វ
វ-15.png,វ
វ-16.png,វ
វ-17.png,វ
វ-18.png,វ
វ-19.png,វ
វ-20.png,វ
វ-21.png,វ
វ-22.png,វ
វ-23.png,វ
វ-24.png,វ
វ-25.png,វ
វ-26.png,វ
វ-27.png,វ
វ-28.png,វ
វ-29.png,វ
វ-30.png,វ
វ-31.png,វ
វ-32.png,វ
វ-33.png,វ
វ-34.png,វ
វ-35.png,វ
វ-36.png,វ
វ-37.png,វ
វ-38.png,វ
វ-39.png,វ
វ-40.png,វ
វ-41.png,វ
វ-42.png,វ
វ-43.png,វ
វ-44.png,វ
វ-45.png,វ
វ-46.png,វ
វ-47.png,វ
វ-48.png,វ
វ-49.png,វ
វ-50.png,វ
វ-51.png,វ
វ-52.png,វ
វ-53.png,វ
វ-54.png,វ
វ-55.png,វ
វ-56.png,វ
វ-57.png,វ
វ-58.png,វ
វ-59.png,វ
វ-60.png,វ
វ-61.png,វ
វ-62.png,វ
វ-63.png,វ
វ-64.png,វ
វ-65.png,វ
វ-66.png,វ
វ-67.png,វ
វ-68.png,វ
វ-69.png,វ
វ-70.png,វ
វ-71.png,វ
វ-72.png,វ
វ-73.png,វ
វ-74.png,វ
វ-75.png,វ
វ-76.png,វ
វ-77.png,វ
វ-78.png,វ
វ-79.png,វ
វ-80.png,វ
វ-81.png,វ
វ-82.png,វ
វ-83.png,វ
វ-84.png,វ
វ-85.png,វ
វ-86.png,វ
វ-87.png,វ
វ-88.png,វ
វ-89.png,វ
វ-90.png,វ
វ-91.png,វ
វ-92.png,វ
វ-93.png,វ
វ-94.png,វ
វ-95.png,វ
វ-96.png,វ
វ-97.png,វ
វ-98.png,វ
វ-99.png,វ
វ-100.png,វ
ស-1.png,ស
ស-2.png,ស
ស-3.png,ស
ស-4.png,ស
ស-5.png,ស
ស-6.png,ស
ស-7.png,ស
ស-8.png,ស
ស-9.png,ស
ស-10.png,ស
ស-11.png,ស
ស-12.png,ស
ស-13.png,ស
ស-14.png,ស
ស-15.png,ស
ស-16.png,ស
ស-17.png,ស
ស-18.png,ស
ស-19.png,ស
ស-20.png,ស
ស-21.png,ស
ស-22.png,ស
ស-23.png,ស
ស-24.png,ស
ស-25.png,ស
ស-26.png,ស
ស-27.png,ស
ស-28.png,ស
ស-29.png,ស
ស-30.png,ស
ស-31.png,ស
ស-32.png,ស
ស-33.png,ស
ស-34.png,ស
ស-35.png,ស
ស-36.png,ស
ស-37.png,ស
ស-38.png,ស
ស-39.png,ស
ស-40.png,ស
ស-41.png,ស
ស-42.png,ស
ស-43.png,ស
ស-44.png,ស
ស-45.png,ស
ស-46.png,ស
ស-47.png,ស
ស-48.png,ស
ស-49.png,ស
ស-50.png,ស
ស-51.png,ស
ស-52.png,ស
ស-53.png,ស
ស-54.png,ស
ស-55.png,ស
ស-56.png,ស
ស-57.png,ស
ស-58.png,ស
ស-59.png,ស
ស-60.png,ស
ស-61.png,ស
ស-62.png,ស
ស-63.png,ស
ស-64.png,ស
ស-65.png,ស
ស-66.png,ស
ស-67.png,ស
ស-68.png,ស
ស-69.png,ស
ស-70.png,ស
ស-71.png,ស
ស-72.png,ស
ស-73.png,ស
ស-74.png,ស
ស-75.png,ស
ស-76.png,ស
ស-77.png,ស
ស-78.png,ស
ស-79.png,ស
ស-80.png,ស
ស-81.png,ស
ស-82.png,ស
ស-83.png,ស
ស-84.png,ស
ស-85.png,ស
ស-86.png,ស
ស-87.png,ស
ស-88.png,ស
ស-89.png,ស
ស-90.png,ស
ស-91.png,ស
ស-92.png,ស
ស-93.png,ស
ស-94.png,ស
ស-95.png,ស
ស-96.png,ស
ស-97.png,ស
ស-98.png,ស
ស-99.png,ស
ស-100.png,ស
ហ-1.png,ហ
ហ-2.png,ហ
ហ-3.png,ហ
ហ-4.png,ហ
ហ-5.png,ហ
ហ-6.png,ហ
ហ-7.png,ហ
ហ-8.png,ហ
ហ-9.png,ហ
ហ-10.png,ហ
ហ-11.png,ហ
ហ-12.png,ហ
ហ-13.png,ហ
ហ-14.png,ហ
ហ-15.png,ហ
ហ-16.png,ហ
ហ-17.png,ហ
ហ-18.png,ហ
ហ-19.png,ហ
ហ-20.png,ហ
ហ-21.png,ហ
ហ-22.png,ហ
ហ-23.png,ហ
ហ-24.png,ហ
ហ-25.png,ហ
ហ-26.png,ហ
ហ-27.png,ហ
ហ-28.png,ហ
ហ-29.png,ហ
ហ-30.png,ហ
ហ-31.png,ហ
ហ-32.png,ហ
ហ-33.png,ហ
ហ-34.png,ហ
ហ-35.png,ហ
ហ-36.png,ហ
ហ-37.png,ហ
ហ-38.png,ហ
ហ-39.png,ហ
ហ-40.png,ហ
ហ-41.png,ហ
ហ-42.png,ហ
ហ-43.png,ហ
ហ-44.png,ហ
ហ-45.png,ហ
ហ-46.png,ហ
ហ-47.png,ហ
ហ-48.png,ហ
ហ-49.png,ហ
ហ-50.png,ហ
ហ-51.png,ហ
ហ-52.png,ហ
ហ-53.png,ហ
ហ-54.png,ហ
ហ-55.png,ហ
ហ-56.png,ហ
ហ-57.png,ហ
ហ-58.png,ហ
ហ-59.png,ហ
ហ-60.png,ហ
ហ-61.png,ហ
ហ-62.png,ហ
ហ-63.png,ហ
ហ-64.png,ហ
ហ-65.png,ហ
ហ-66.png,ហ
ហ-67.png,ហ
ហ-68.png,ហ
ហ-69.png,ហ
ហ-70.png,ហ
ហ-71.png,ហ
ហ-72.png,ហ
ហ-73.png,ហ
ហ-74.png,ហ
ហ-75.png,ហ
ហ-76.png,ហ
ហ-77.png,ហ
ហ-78.png,ហ
ហ-79.png,ហ
ហ-80.png,ហ
ហ-81.png,ហ
ហ-82.png,ហ
ហ-83.png,ហ
ហ-84.png,ហ
ហ-85.png,ហ
ហ-86.png,ហ
ហ-87.png,ហ
ហ-88.png,ហ
ហ-89.png,ហ
ហ-90.png,ហ
ហ-91.png,ហ
ហ-92.png,ហ
ហ-93.png,ហ
ហ-94.png,ហ
ហ-95.png,ហ
ហ-96.png,ហ
ហ-97.png,ហ
ហ-98.png,ហ
ហ-99.png,ហ
ហ-100.png,ហ
ឡ-1.png,ឡ
ឡ-2.png,ឡ
ឡ-3.png,ឡ
ឡ-4.png,ឡ
ឡ-5.png,ឡ
ឡ-6.png,ឡ
ឡ-7.png,ឡ
ឡ-8.png,ឡ
ឡ-9.png,ឡ
ឡ-10.png,ឡ
ឡ-11.png,ឡ
ឡ-12.png,ឡ
ឡ-13.png,ឡ
ឡ-14.png,ឡ
ឡ-15.png,ឡ
ឡ-16.png,ឡ
ឡ-17.png,ឡ
ឡ-18.png,ឡ
ឡ-19.png,ឡ
ឡ-20.png,ឡ
ឡ-21.png,ឡ
ឡ-22.png,ឡ
ឡ-23.png,ឡ
ឡ-24.png,ឡ
ឡ-25.png,ឡ
ឡ-26.png,ឡ
ឡ-27.png,ឡ
ឡ-28.png,ឡ
ឡ-29.png,ឡ
ឡ-30.png,ឡ
ឡ-31.png,ឡ
ឡ-32.png,ឡ
ឡ-33.png,ឡ
ឡ-34.png,ឡ
ឡ-35.png,ឡ
ឡ-36.png,ឡ
ឡ-37.png,ឡ
ឡ-38.png,ឡ
ឡ-39.png,ឡ
ឡ-40.png,ឡ
ឡ-41.png,ឡ
ឡ-42.png,ឡ
ឡ-43.png,ឡ
ឡ-44.png,ឡ
ឡ-45.png,ឡ
ឡ-46.png,ឡ
ឡ-47.png,ឡ
ឡ-48.png,ឡ
ឡ-49.png,ឡ
ឡ-50.png,ឡ
ឡ-51.png,ឡ
ឡ-52.png,ឡ
ឡ-53.png,ឡ
ឡ-54.png,ឡ
ឡ-55.png,ឡ
ឡ-56.png,ឡ
ឡ-57.png,ឡ
ឡ-58.png,ឡ
ឡ-59.png,ឡ
ឡ-60.png,ឡ
ឡ-61.png,ឡ
ឡ-62.png,ឡ
ឡ-63.png,ឡ
ឡ-64.png,ឡ
ឡ-65.png,ឡ
ឡ-66.png,ឡ
ឡ-67.png,ឡ
ឡ-68.png,ឡ
ឡ-69.png,ឡ
ឡ-70.png,ឡ
ឡ-71.png,ឡ
ឡ-72.png,ឡ
ឡ-73.png,ឡ
ឡ-74.png,ឡ
ឡ-75.png,ឡ
ឡ-76.png,ឡ
ឡ-77.png,ឡ
ឡ-78.png,ឡ
ឡ-79.png,ឡ
ឡ-80.png,ឡ
ឡ-81.png,ឡ
ឡ-82.png,ឡ
ឡ-83.png,ឡ
ឡ-84.png,ឡ
ឡ-85.png,ឡ
ឡ-86.png,ឡ
ឡ-87.png,ឡ
ឡ-88.png,ឡ
ឡ-89.png,ឡ
ឡ-90.png,ឡ
ឡ-91.png,ឡ
ឡ-92.png,ឡ
ឡ-93.png,ឡ
ឡ-94.png,ឡ
ឡ-95.png,ឡ
ឡ-96.png,ឡ
ឡ-97.png,ឡ
ឡ-98.png,ឡ
ឡ-99.png,ឡ
ឡ-100.png,ឡ
អ-1.png,អ
អ-2.png,អ
អ-3.png,អ
អ-4.png,អ
អ-5.png,អ
អ-6.png,អ
អ-7.png,អ
អ-8.png,អ
អ-9.png,អ
អ-10.png,អ
អ-11.png,អ
អ-12.png,អ
អ-13.png,អ
អ-14.png,អ
អ-15.png,អ
អ-16.png,អ
អ-17.png,អ
អ-18.png,អ
អ-19.png,អ
អ-20.png,អ
អ-21.png,អ
អ-22.png,អ
អ-23.png,អ
អ-24.png,អ
អ-25.png,អ
អ-26.png,អ
អ-27.png,អ
អ-28.png,អ
អ-29.png,អ
អ-30.png,អ
អ-31.png,អ
អ-32.png,អ
អ-33.png,អ
អ-34.png,អ
អ-35.png,អ
អ-36.png,អ
អ-37.png,អ
អ-38.png,អ
អ-39.png,អ
អ-40.png,អ
អ-41.png,អ
អ-42.png,អ
អ-43.png,អ
អ-44.png,អ
អ-45.png,អ
អ-46.png,អ
អ-47.png,អ
អ-48.png,អ
អ-49.png,អ
អ-50.png,អ
អ-51.png,អ
អ-52.png,អ
អ-53.png,អ
អ-54.png,អ
អ-55.png,អ
អ-56.png,អ
អ-57.png,អ
អ-58.png,អ
អ-59.png,អ
អ-60.png,អ
អ-61.png,អ
អ-62.png,អ
អ-63.png,អ
អ-64.png,អ
អ-65.png,អ
អ-66.png,អ
អ-67.png,អ
អ-68.png,អ
អ-69.png,អ
អ-70.png,អ
អ-71.png,អ
អ-72.png,អ
អ-73.png,អ
អ-74.png,អ
អ-75.png,អ
អ-76.png,អ
អ-77.png,អ
អ-78.png,អ
អ-79.png,អ
អ-80.png,អ
អ-81.png,អ
អ-82.png,អ
អ-83.png,អ
អ-84.png,អ
អ-85.png,អ
អ-86.png,អ
អ-87.png,អ
អ-88.png,អ
អ-89.png,អ
អ-90.png,អ
អ-91.png,អ
អ-92.png,អ
អ-93.png,អ
អ-94.png,អ
អ-95.png,អ
អ-96.png,អ
អ-97.png,អ
អ-98.png,អ
អ-99.png,អ
អ-100.png,អ